First name,Last name,E-Mail,Company,Phone number
"Joey","Thiel","Joey48@hotmail.com","Grady, Turcotte and Torphy","951.981.0139 x2629"
"Marcellus","Mueller","Marcellus97@yahoo.com","Dooley - O'Reilly","1-437-109-8686 x9144"
"Eleazar","Shields","Eleazar68@yahoo.com","Hermiston Group","796-026-3070"
"Grady","Upton","Grady29@yahoo.com","Lesch, West and Hoeger","890-429-5700 x052"
"Selina","Bogisich","Selina.Bogisich@hotmail.com","Kihn, Roberts and Hermann","(388) 879-1661"
"Enid","Davis","Enid54@yahoo.com","Fay, Larkin and Runte","436-700-5610 x722"
"Grant","Connelly","Grant_Connelly30@yahoo.com","Stokes Inc","304-466-4939"
"April","Schuster","April35@yahoo.com","Emard, Gibson and Aufderhar","1-432-498-4432"
"Percival","VonRueden","Percival_VonRueden@gmail.com","Gleichner and Sons","(249) 494-4136 x147"
"Brandon","Gusikowski","Brandon.Gusikowski@yahoo.com","Hodkiewicz, Dicki and Rutherford","519-674-7047"
"Chance","Bogan","Chance_Bogan@gmail.com","Zieme, Kautzer and Kovacek","(517) 249-2203 x184"
"Christine","Rogahn","Christine.Rogahn45@gmail.com","Schoen, Gutkowski and Lynch","963-022-6590 x682"
"Paxton","Schmeler","Paxton90@hotmail.com","Cassin Group","631-518-9775 x7386"
"Blaze","Mante","Blaze12@yahoo.com","Berge, Haag and Ernser","(597) 401-0396 x8150"
"Dolores","Willms","Dolores_Willms0@gmail.com","Stehr and Sons","120.960.0641"
"Lorine","Padberg","Lorine_Padberg7@hotmail.com","Reynolds Group","490-233-8606 x4664"
"Alice","Bernhard","Alice_Bernhard40@yahoo.com","Dickinson, Kris and Bashirian","510-483-8260 x54035"
"Enrique","O'Keefe","Enrique54@hotmail.com","Larson, Trantow and Williamson","552.952.8843"
"Selina","Strosin","Selina.Strosin98@hotmail.com","Heathcote - Koelpin","(746) 309-0163 x21253"
"Kenneth","Effertz","Kenneth_Effertz@hotmail.com","Brakus - Zboncak","1-318-885-2330 x9858"
"Loren","Considine","Loren_Considine@gmail.com","Langworth, McDermott and McCullough","357.924.2485 x7859"
"Lenora","Hagenes","Lenora_Hagenes@hotmail.com","Turcotte, Boyle and Torphy","(377) 348-4573"
"Haleigh","Powlowski","Haleigh.Powlowski@gmail.com","MacGyver - Will","1-137-068-4809 x8674"
"Monique","Block","Monique59@gmail.com","Conroy, Lind and Moen","254-677-4385"
"Keenan","Olson","Keenan.Olson@gmail.com","O'Reilly Group","174-058-0851"
"Jaylen","Metz","Jaylen.Metz2@yahoo.com","Miller, Langworth and Gerhold","526-262-0240 x982"
"Zakary","Hessel","Zakary81@hotmail.com","Jenkins Inc","815-970-0596"
"Amya","Reinger","Amya_Reinger41@gmail.com","Kuhn - Reynolds","780-080-3353 x951"
"Brittany","Balistreri","Brittany_Balistreri@hotmail.com","Nikolaus, Ratke and Bailey","243-101-3024 x12277"
"Arvid","Barrows","Arvid.Barrows85@gmail.com","Gleason, Predovic and Daugherty","525.779.1798 x8642"
"Richmond","Nienow","Richmond.Nienow47@yahoo.com","Predovic, Stracke and Wiegand","1-036-811-9119 x167"
"Maribel","Ziemann","Maribel.Ziemann@hotmail.com","Kihn, Emmerich and Welch","1-946-723-1563 x45007"
"Edwardo","Brown","Edwardo_Brown@gmail.com","Schowalter - MacGyver","680-751-4337 x1740"
"Abelardo","Hoppe","Abelardo.Hoppe@yahoo.com","Ebert - McKenzie","938-795-6845 x3582"
"Raphael","Donnelly","Raphael86@yahoo.com","Rutherford, Koelpin and Senger","(786) 676-1385 x64484"
"Tad","Vandervort","Tad35@hotmail.com","Jaskolski and Sons","1-766-444-3403"
"Malika","Bergstrom","Malika77@hotmail.com","Walter, MacGyver and Lehner","185-735-7737"
"Sigrid","Yundt","Sigrid_Yundt84@yahoo.com","Stark LLC","1-022-057-0681"
"Keely","Gleichner","Keely.Gleichner76@hotmail.com","Aufderhar - Morar","1-272-073-0400"
"Taylor","O'Conner","Taylor81@yahoo.com","Stokes Inc","1-715-130-4946 x02861"
"Jonatan","Conroy","Jonatan.Conroy@hotmail.com","Cartwright - Gleason","1-399-882-6674 x51551"
"Landen","Gutkowski","Landen_Gutkowski66@hotmail.com","Pouros LLC","794.398.1381"
"Dahlia","Gerhold","Dahlia.Gerhold@hotmail.com","Brakus - Moen","084-550-9088 x28899"
"Maximus","Ferry","Maximus.Ferry@yahoo.com","Block - Koss","617.799.4954 x520"
"Carmel","Jacobi","Carmel73@yahoo.com","Rogahn - Von","599.267.2523"
"Felton","Bogisich","Felton.Bogisich20@gmail.com","Schuppe - Feil","263-852-0045 x892"
"Lorine","Beier","Lorine.Beier@hotmail.com","Walsh LLC","734-472-5120"
"Oran","Watsica","Oran60@yahoo.com","Dare, Braun and Wilderman","(145) 961-2225 x03336"
"Rosie","Smith","Rosie.Smith53@hotmail.com","Christiansen LLC","500-591-8521 x9124"
"Monique","Rutherford","Monique_Rutherford78@yahoo.com","Monahan - Schneider","517.709.4132 x67957"
"Guy","Halvorson","Guy89@yahoo.com","Bahringer Group","689-050-7405"
"Shyanne","Durgan","Shyanne23@yahoo.com","Kris - Wilderman","949.686.0057"
"Camilla","Goyette","Camilla.Goyette19@yahoo.com","Hartmann - Boyle","933-709-4719 x72805"
"Lane","Johnson","Lane70@hotmail.com","Marks - Auer","867.415.1925 x9939"
"Johnnie","White","Johnnie_White@hotmail.com","Turcotte and Sons","(331) 094-1672"
"Garrick","Streich","Garrick7@hotmail.com","Abbott and Sons","(631) 777-2054"
"Camden","Lubowitz","Camden_Lubowitz18@hotmail.com","Abbott, Dach and Bergstrom","(137) 395-4951"
"Maddison","Waters","Maddison.Waters27@gmail.com","Leffler - Gottlieb","1-316-600-9594 x37973"
"Amir","Grant","Amir29@hotmail.com","Price - Boehm","996-910-4515"
"Katrina","Turner","Katrina_Turner@hotmail.com","Sauer, Barrows and Tremblay","(462) 441-3246"
"Addie","McClure","Addie_McClure@yahoo.com","Jacobson LLC","771.436.6248"
"Cathrine","Gottlieb","Cathrine.Gottlieb@yahoo.com","King LLC","(350) 532-8595"
"Braulio","Pfannerstill","Braulio_Pfannerstill76@hotmail.com","Stokes, Lindgren and Deckow","(089) 021-8007 x21770"
"Zackary","Kertzmann","Zackary_Kertzmann@hotmail.com","Bashirian and Sons","1-368-424-4428"
"Kathlyn","Grady","Kathlyn13@yahoo.com","Bogisich Inc","922.831.2643 x166"
"Jacey","McLaughlin","Jacey.McLaughlin33@gmail.com","Smitham - Parker","1-488-059-4417"
"Kennedy","Feest","Kennedy.Feest55@yahoo.com","McClure, Bernhard and Weissnat","(372) 153-1642 x3517"
"Justice","Crist","Justice.Crist90@gmail.com","Kerluke LLC","(830) 182-6924"
"Ambrose","Dare","Ambrose6@yahoo.com","Lowe, Turner and Grimes","078.742.0877"
"Elsa","Hirthe","Elsa.Hirthe86@gmail.com","Cassin LLC","1-022-065-1938 x565"
"Jane","Kuhic","Jane.Kuhic@yahoo.com","Auer, Stanton and Reichert","796.346.5299"
"Gavin","Stracke","Gavin37@gmail.com","Paucek - Torphy","838-779-7656"
"Mylene","Pouros","Mylene.Pouros@hotmail.com","Nader, Willms and Buckridge","1-127-039-6256 x0806"
"Pat","Feeney","Pat_Feeney96@hotmail.com","Osinski - Breitenberg","238.840.6311 x1354"
"Angeline","Moen","Angeline_Moen57@hotmail.com","Farrell, Schaefer and McClure","531.840.3691 x943"
"Davion","Gusikowski","Davion88@gmail.com","Nicolas, DuBuque and Donnelly","(652) 194-2765"
"Phoebe","Botsford","Phoebe.Botsford85@hotmail.com","Bernhard Inc","135.740.5664"
"Tess","Dicki","Tess.Dicki70@gmail.com","Grant LLC","356-647-1275"
"Eli","Hand","Eli90@gmail.com","Steuber LLC","(652) 659-7864 x91922"
"Maiya","Bins","Maiya30@yahoo.com","Pollich, Smith and Vandervort","563.019.4269 x86029"
"Willie","Pfeffer","Willie94@hotmail.com","Fisher - Kilback","(956) 881-4203 x573"
"Ezekiel","Stanton","Ezekiel.Stanton86@hotmail.com","Ernser, Rath and Skiles","387.001.5924"
"Mona","Hartmann","Mona_Hartmann@gmail.com","McKenzie - Konopelski","(840) 981-0412"
"Alberto","Anderson","Alberto.Anderson76@yahoo.com","Doyle LLC","802.956.5484 x05796"
"Jackson","Rutherford","Jackson58@yahoo.com","Bergstrom, Moen and Schiller","(989) 146-8408 x38387"
"Doris","Gaylord","Doris_Gaylord@yahoo.com","Erdman, Gibson and Von","1-942-231-7323 x8781"
"Elva","Nader","Elva69@yahoo.com","Wisoky - Conroy","147-333-8106"
"Winifred","Cartwright","Winifred.Cartwright35@hotmail.com","Cruickshank - Brakus","1-661-192-2205"
"Taurean","Romaguera","Taurean_Romaguera37@hotmail.com","Hartmann Inc","(549) 956-3346"
"Marquis","Rau","Marquis_Rau25@gmail.com","Kertzmann - Stark","1-881-164-8655 x841"
"Maynard","Powlowski","Maynard.Powlowski90@yahoo.com","Batz - Howell","261.914.6001 x3838"
"Jack","VonRueden","Jack.VonRueden@yahoo.com","Walsh Group","086.431.4305"
"Casper","Cronin","Casper_Cronin17@yahoo.com","Gaylord - Schumm","1-044-151-1427"
"Elena","Johnston","Elena93@yahoo.com","Goldner Group","(885) 436-6402 x0865"
"Estell","Hansen","Estell_Hansen@hotmail.com","Kuhic, Larson and Blick","860-640-8895 x212"
"Pearlie","Spencer","Pearlie55@hotmail.com","Durgan - Adams","682-768-0024 x62689"
"Ephraim","Corkery","Ephraim81@gmail.com","Littel - Kunze","027.754.7395"
"Ellie","Kunze","Ellie.Kunze45@gmail.com","Little, Shanahan and Thompson","1-320-346-0048 x105"
"Jabari","Leuschke","Jabari_Leuschke64@hotmail.com","Pfeffer Inc","447-215-7147 x4308"
"Riley","Kris","Riley27@hotmail.com","Wiegand and Sons","1-655-349-0574 x31178"